Dimers,SEP3-SEP3e1B7,SEP3-AGe1C3,SEP3-AP1e1C32,AG-AGe2,SEP3-AGe2,AP1-AP1e2,Cluster
ACAAAAGAGGAA,0.097451281,0.666824007,0.081865955,0.138384097,0.612699813,0.176370629,C3
ACAAATAAGGAA,0.175879849,0.695765511,0.160919018,0.123470992,0.610679222,0.270247674,C3
ACAAATCGGGAA,0.069103072,0.694294089,0,0.141714867,0.643383458,0.229324378,C3
ACATTTAAGGAA,0.225280731,0.770837487,0.217950346,0.090810916,0.668947737,0.272821297,C3
ACATTTAAGGCA,0.13949584,0.67284939,0.154383343,0.086639246,0.617035701,0.217097434,C3
ACATTTAAGGTA,0.154393772,0.665905898,0.128063718,0.070434754,0.587513031,0.22450305,C3
ACATTTATGGCA,0.321175839,0.738037109,0.285594325,0.125984447,0.702949289,0.337483641,C3
ACATTTATGGTA,0.334513531,0.709015084,0.35245081,0.107385373,0.651125723,0.517684639,C3
ACATTTCGGGAA,0.091234278,0.745275166,0,0.126762453,0.711785746,0,C1
ACATTTTGGGAA,0.077954651,0.651963281,0,0.089877822,0.566543123,0,C1
ACATTTTGGGTA,0,0.682885298,0,0.094955294,0.59290894,0,C1
ACCATAAATAGC,0.361547501,0.369861873,0.672652979,0.197156406,0.379819714,0.544100528,C3
ACCATTTAAGGA,0.195454633,0.658607661,0.346339869,0.197252151,0.600869991,0.335057064,C3
ACCATTTATAGT,0.333726422,0.561881194,0.56962138,0.163889571,0.506062819,0.672982037,C3
ACCATTTATGGT,0.308592574,0.611569798,0.468534893,0.215929683,0.60499458,0.716485608,C3
ACCCATTTAAGG,0.286813384,0.757880497,0.395993488,0.093958827,0.670364945,0.25818819,C3
ACCCATTTATGG,0.465478016,0.737186855,0.667133442,0.118526665,0.661967711,0.528503345,C3
ACCCATTTCGGG,0,0.774673788,0.179756707,0.132226217,0.749629451,0,C1
ACCCATTTTAGG,0.129587517,0.673484942,0.234239747,0.101198536,0.618673309,0,C1
ACCCATTTTGGG,0,0.762966491,0,0.103600211,0.662862142,0,C1
ACCTATTTAAGG,0.339069042,0.813552931,0.501436702,0.090894011,0.745124961,0.353151629,C3
ACCTATTTATAG,0.577861621,0.724731911,0.827149782,0,0.645583731,0.607440374,C3
ACCTATTTATGG,0.553249116,0.802709108,0.859122839,0.114667165,0.771153816,0.5998627,C3
ACCTATTTCAGG,0.109282282,0.710760238,0.210868796,0,0.631641823,0,C1
ACCTATTTCGGG,0.124814,0.821052534,0.208413429,0.112863469,0.814133998,0,C1
ACCTATTTTAGG,0.225267058,0.7618848,0.402158751,0.088556453,0.715920721,0.296956981,C3
ACCTATTTTGGG,0.112184144,0.843284944,0.239861646,0.107136482,0.752685821,0,C1
ACTTTCCTCTTT,0.144013601,0.282709339,0,0.684805204,0.382336331,0,C2
AGCTATTTCGGG,0.116483361,0.65972014,0,0,0.64105103,0,C1
ATACCATAAATG,0.472780312,0.343092484,0.608074474,0.181407244,0.359842216,0.678627522,C3
ATACCTATTTAT,0.864373634,0.595562636,0.611724259,0,0.567631878,0.330569077,C3
ATACTATAAATA,0.639260035,0.292436589,0.544566312,0.096320041,0.291674254,0.683173472,C3
ATACTATAAATG,0.470256266,0.337466064,0.56941731,0.134501261,0.331406507,0.733875425,C3
ATATACCTATTT,0.665166358,0.529226649,0.452014864,0.079052676,0.514544923,0,C3
ATCCATTTAAGG,0.157954315,0.660087869,0.264170517,0.1020972,0.566633801,0.301554088,C3
ATCCATTTCGGG,0,0.658805097,0,0.131891113,0.609107635,0,C1
ATCTATTTAAGG,0.204491044,0.677827267,0.317143528,0.076233744,0.618611352,0.276077024,C3
ATCTATTTATGG,0.285197492,0.676990734,0.480560538,0,0.625625789,0.444735486,C3
ATCTATTTCGGG,0,0.711972869,0,0,0.693767652,0,C1
ATCTATTTTGGG,0.116232135,0.685353202,0,0.104356624,0.62073683,0,C1
ATTACCATAAAT,0.755378636,0.475333196,0.67121507,0.417318493,0.517950119,0.543883128,C3
ATTACTATAAAT,0.775109614,0.436303501,0.618817557,0.337464371,0.440511589,0.616526475,C3
CATACCATAAAT,0.670640982,0.329459188,0.660739066,0.152236488,0.34655883,0.609720349,C3
CATACTATAAAT,0.662479147,0.331529554,0.62327419,0.113454574,0.330216161,0.764190598,C3
CATTTAAGGCAA,0.188821488,0.726605508,0.262879283,0.270092527,0.647142785,0.214195251,C3
CATTTATAGCAA,0.332296489,0.668541088,0.401824859,0.227492431,0.5816889,0.370650041,C3
CATTTATAGTAA,0.575965018,0.606814655,0.614198424,0.242211906,0.515185899,0.700621847,C3
CATTTATGGCAA,0.455798024,0.848441351,0.533368289,0.347013982,0.772912292,0.428199778,C3
CATTTATGGTAA,0.510443534,0.668257178,0.614684122,0.317596943,0.613115358,0.684679102,C3
CATTTCGGGAAA,0.12192775,0.680687944,0.128065944,0.361771242,0.641774132,0,C1
CATTTCGGGCAA,0,0.651182221,0,0.296292158,0.629225316,0,C1
CATTTCGGGTAA,0.095663702,0.715040087,0.202735106,0.366097354,0.719344058,0,C1
CATTTTAGGCAA,0.15760486,0.679534414,0.178082665,0.293350852,0.615307203,0.277572433,C3
CATTTTGGGTAA,0.107802218,0.688215906,0,0.3230962,0.599864711,0,C1
CCAAAAAAGGAA,0.243259648,0.673831475,0.287223751,0.294193006,0.638077577,0.346576672,C3
CCAAAAGAGGAA,0.122727455,0.812957439,0.168944062,0.404375372,0.790876783,0.250104374,C3
CCAAATAAGGAA,0.237667104,0.896550772,0.287315955,0.356065,0.806373253,0.400479282,C3
CCAAATAAGGCA,0.145338334,0.665480451,0.182685498,0.280754276,0.659338158,0.312161196,C3
CCAAATAAGGTA,0.171406496,0.692258298,0.1638635,0.268440557,0.668833533,0.244542236,C3
CCAAATATGGCA,0.241159543,0.668149363,0.296120026,0.298425745,0.632502846,0.386983189,C3
CCAAATATGGTA,0.264264878,0.672038014,0.344442283,0.270020377,0.654251464,0.420628825,C3
CCAAATCGGGAA,0.097508932,0.852670338,0,0.437326025,0.837767863,0.254272155,C3
CCAAATCGGGTA,0.093367897,0.846372644,0,0.423911031,0.829610802,0,C1
CCAAATGAGGAA,0.096734624,0.811963429,0.107400061,0.316971155,0.774484144,0,C1
CCAAATGAGGTA,0.073445502,0.656334807,0,0.227198255,0.637655644,0,C1
CCAAATTAGGAA,0.143947383,0.680291643,0.145264895,0.325788742,0.67026795,0.245536486,C3
CCAAATTGGGAA,0.081544677,0.73318784,0,0.360360517,0.684751045,0,C1
CCAAATTGGGTA,0.094369102,0.727957156,0,0.348054307,0.708405955,0,C1
CCAATTAAGGAA,0.144889569,0.716738829,0.172447621,0.230307117,0.68293589,0.273133652,C3
CCAATTATGGCA,0.15301189,0.632058881,0.170214875,0.255410906,0.660140162,0.25399229,C3
CCATAAAAGGAA,0.287705927,0.653918386,0.454931857,0.335269734,0.638105187,0.476975424,C3
CCATAAATGGAA,0.46628459,0.569598188,0.678902446,0.319071414,0.576616919,0.702670726,C3
CCATAAATGGCA,0.397324327,0.616742847,0.684897677,0.365250313,0.620473256,0.605622148,C3
CCATATTGGGAA,0.078009636,0.652113248,0,0.378278706,0.656200001,0,C1
CCATTTAAGGAA,0.343106633,0.985708266,0.477491572,0.317974478,0.880946066,0.453861264,C3
CCATTTAAGGCA,0.196764323,0.857021173,0.313962365,0.289530087,0.822916691,0,C1
CCATTTAAGGTA,0.313627575,0.920579795,0.324757669,0.270199647,0.816452092,0.353636444,C3
CCATTTACGGTA,0.158197889,0.650268119,0.158311955,0.207884224,0.604754773,0,C1
CCATTTAGGGAA,0.098835286,0.733928099,0,0.213823294,0.666777024,0,C1
CCATTTAGGGTA,0.092100057,0.681039062,0,0.194704427,0.62912682,0,C1
CCATTTATAGAA,0.370923471,0.677536784,0.428030363,0.190669183,0.599186327,0.47299201,C3
CCATTTATAGCA,0.349228774,0.778570829,0.561539144,0.245725475,0.724696625,0.454495011,C3
CCATTTATAGTA,0.619815735,0.839923217,0.774170907,0.264403436,0.742172412,0.83782862,C3
CCATTTATGGAA,0.464863185,0.825413165,0.650638952,0.28791393,0.765664181,0.685021204,C3
CCATTTATGGCA,0.433149271,0.924493094,0.645969556,0.364994952,0.903203742,0.489098674,C3
CCATTTATGGTA,0.549304141,0.932307473,0.739266571,0.341301494,0.874851803,0.786142178,C3
CCATTTCAGGAA,0.117017195,0.759962365,0.143738788,0.250008828,0.704355389,0,C1
CCATTTCAGGCA,0.118726543,0.724531137,0.148039961,0.239560106,0.658486146,0,C1
CCATTTCAGGTA,0.137893592,0.76050242,0.177324751,0.238316484,0.668600412,0,C1
CCATTTCGGGAA,0.130276454,0.930033072,0.158964133,0.42089273,0.919464402,0,C1
CCATTTCGGGCA,0,0.758386762,0,0.331962654,0.777589184,0,C1
CCATTTCGGGTA,0,0.912020585,0.230956936,0.401457896,0.947803616,0,C1
CCATTTGAGGAA,0.088092992,0.650109027,0,0.17253814,0.629504741,0,C1
CCATTTTAGGAA,0.20435155,0.810662519,0.266326591,0.319527481,0.761247758,0.290226784,C3
CCATTTTAGGCA,0.165223663,0.789292747,0.247179981,0.317063846,0.777090207,0.334540412,C3
CCATTTTAGGTA,0.147197756,0.78656254,0.217964769,0.294195006,0.737226278,0,C1
CCATTTTGGGAA,0.138294639,0.898563969,0,0.389447402,0.807243943,0,C1
CCATTTTGGGCA,0,0.698578931,0,0.321271931,0.665325106,0,C1
CCATTTTGGGTA,0.124751556,0.942323437,0,0.361028675,0.851338984,0,C1
CCCATTTAAGGA,0.26077209,0.75125854,0.384002362,0.113786644,0.647038432,0.271844372,C3
CCCATTTAAGGT,0.248324832,0.697976431,0.248116904,0.089405053,0.603467444,0,C1
CCCATTTATGGC,0.324465371,0.682218393,0.516058164,0.141982916,0.653725033,0.373568391,C3
CCCATTTATGGT,0.451060889,0.704318621,0.638741918,0.125665265,0.627570409,0.522792985,C3
CCCATTTCGGGA,0,0.782022358,0,0.161086892,0.73540799,0,C1
CCCATTTCGGGT,0,0.706008074,0.201408585,0.151124504,0.724892268,0,C1
CCCATTTTGGGA,0,0.748965431,0,0.152285796,0.636192089,0,C1
CCCATTTTGGGT,0,0.737645808,0,0.135047082,0.637471778,0,C1
CCTATTTAAGGA,0.350054729,0.796588855,0.476804498,0.104902449,0.749737049,0.352243516,C3
CCTATTTAAGGC,0.233519089,0.702536679,0.380729918,0.098426338,0.688892538,0.361124037,C3
CCTATTTAAGGT,0.276206919,0.762265963,0.344775938,0.098821655,0.686541037,0.333232075,C3
CCTATTTATAGC,0.367160112,0.687464821,0.698776745,0.085051093,0.631643636,0.517496634,C3
CCTATTTATAGT,0.603772247,0.721886606,0.760537268,0.100206367,0.643700303,0.628789691,C3
CCTATTTATGGA,0.455815044,0.707530224,0.664210067,0.105022289,0.685544098,0.558684886,C3
CCTATTTATGGC,0.50827243,0.770672532,0.666960418,0.150491008,0.775016431,0.452028733,C3
CCTATTTATGGT,0.49179714,0.787957391,0.737978322,0.116001195,0.751051848,0.522417777,C3
CCTATTTCAGGA,0.100049619,0.684852199,0.187097902,0,0.608232374,0,C1
CCTATTTCGGGA,0.120409099,0.838753712,0,0.161465813,0.827957254,0,C1
CCTATTTCGGGT,0.126650678,0.79755981,0.242600864,0.161322021,0.809903356,0,C1
CCTATTTTAGGA,0.217219016,0.735854584,0.364018763,0.106458425,0.682410023,0,C1
CCTATTTTAGGC,0.169441093,0.697905618,0.296777878,0.120758612,0.677926667,0,C1
CCTATTTTAGGT,0.182691192,0.702365962,0.203081577,0.107891453,0.662686858,0.335002932,C3
CCTATTTTGGGA,0.123129192,0.788553285,0.227238386,0.146585186,0.740723177,0,C1
CCTATTTTGGGT,0,0.827521594,0,0.129904184,0.755165975,0,C1
CCTTTTAAGGAA,0.154189754,0.657280059,0.197503976,0.233894564,0.60041841,0.288271499,C3
CCTTTTATGGTA,0.202929282,0.666406957,0.39352315,0.254050047,0.580011445,0.449439015,C3
CCTTTTCGGGAA,0,0.716923911,0,0.302814773,0.639924774,0,C1
CCTTTTCGGGTA,0,0.726339151,0,0.293440832,0.655547446,0,C1
CTAAAAGAGGAA,0.117561661,0.706272056,0.113011559,0.256344704,0.670714931,0.232448713,C3
CTAAATAAGGAA,0.218154823,0.770088461,0.205990446,0.22263993,0.677138302,0.272844544,C3
CTAAATGAGGAA,0.094852766,0.671039028,0,0.193055527,0.627906048,0.205569697,C3
CTAATTAAGGAA,0.136826891,0.667206019,0.136943919,0.137404433,0.601786671,0,C1
CTACCTATTTAT,0.670419773,0.555257168,0.543067499,0,0.556823195,0.293377013,C3
CTACTTTAGGAA,0.099655349,0.652224207,0.149119964,0.259932958,0.625391856,0,C1
CTACTTTGGGTA,0,0.747441349,0,0.313040009,0.720753603,0,C1
CTATAAAAGGAA,0.337975482,0.68106303,0.429996144,0.267904535,0.64934859,0.446728075,C3
CTATAAATAGGT,0.659384695,0.363316687,0.573040804,0.124934451,0.359679132,0.637274404,C3
CTATAAATAGTA,0.49053535,0.44116102,0.557054538,0.169463958,0.419438326,0.675065965,C3
CTATAAATGGAA,0.512110636,0.579594238,0.657880055,0.239241113,0.565352921,0.667158714,C3
CTATAAATGGTA,0.482541064,0.555865336,0.636115928,0.217878805,0.518075849,0.673510178,C3
CTATAAGAGGAA,0.078515103,0.664800179,0.121829296,0.251654613,0.618792303,0,C1
CTATATAAGGAA,0.219531516,0.679845045,0.219536211,0.224082866,0.630850177,0.246166075,C3
CTATATCGGGAA,0.089488993,0.724664029,0,0.30013121,0.711891801,0,C1
CTATATTAGGAA,0.163990894,0.674630369,0.193475632,0.278054363,0.650996569,0.254647863,C3
CTATATTGGGAA,0.101228447,0.685469328,0,0.301736342,0.664111918,0,C1
CTATATTGGGTA,0,0.699508076,0,0.309680816,0.689752212,0,C1
CTATTAATGGCA,0.274083271,0.649023768,0.35072137,0.230694408,0.67114804,0.367343944,C3
CTATTTAAGGAA,0.451914498,1,0.498713603,0.253091633,0.905255895,0.443483205,C3
CTATTTAAGGCA,0.297483228,0.885331634,0.371723508,0.224829609,0.864402003,0.308110186,C3
CTATTTAAGGTA,0.362436294,0.924777442,0.378551834,0.215589005,0.853526437,0.303424457,C3
CTATTTACGGTA,0.153697591,0.706864577,0.166061443,0.150152873,0.662167165,0,C1
CTATTTAGGGAA,0.113454925,0.758787527,0.142576389,0.17173823,0.691769593,0,C1
CTATTTAGGGTA,0.127482991,0.706914564,0,0.14476255,0.653642867,0,C1
CTATTTATAGAA,0.467727257,0.739261117,0.446255587,0.145532246,0.6435375,0.452674948,C3
CTATTTATAGCA,0.506922671,0.861263275,0.605234471,0.202678887,0.795108494,0.443877822,C3
CTATTTATAGTA,0.928667238,0.915176021,0.823799195,0.237383774,0.790064565,0.768517175,C3
CTATTTATGGAA,0.582276043,0.859709432,0.68297703,0.235878807,0.803625805,0.699801468,C3
CTATTTATGGCA,0.603821322,0.993587017,0.668554461,0.317792247,0.961151398,0.538917436,C3
CTATTTATGGTA,0.774631299,0.996720142,0.770346119,0.289164575,0.92122628,0.756710501,C3
CTATTTCAGGAA,0.135205945,0.828940192,0.192995054,0.199127661,0.726844716,0,C1
CTATTTCAGGCA,0.135016363,0.788827096,0.164370018,0.185502518,0.716741984,0,C1
CTATTTCAGGTA,0.126263608,0.825525908,0,0.167578081,0.705181235,0,C1
CTATTTCCGGTA,0.125170757,0.704978186,0,0.17899853,0.691123123,0,C1
CTATTTCGGGAA,0.157670911,0.996634559,0,0.356890723,0.980183127,0,C1
CTATTTCGGGCA,0.134914839,0.807417854,0,0.274590724,0.840450905,0,C1
CTATTTCGGGTA,0.163745265,0.983098056,0.232422626,0.32423403,1,0,C1
CTATTTGAGGAA,0.09144581,0.69267915,0,0.131938115,0.656810481,0,C1
CTATTTGCGGTA,0,0.650380147,0,0.129926842,0.598262088,0,C1
CTATTTTAGGAA,0.275502528,0.870256145,0.331389738,0.265675657,0.802952184,0,C1
CTATTTTAGGCA,0.227735665,0.869614116,0.290592192,0.268311186,0.840280766,0,C1
CTATTTTAGGTA,0.245940349,0.865027235,0.246909226,0.240842358,0.808600192,0.344647742,C3
CTATTTTGGGAA,0.152970974,0.946301963,0.158179367,0.325753496,0.861253609,0,C1
CTATTTTGGGCA,0.100519046,0.734766168,0,0.237815048,0.735593021,0,C1
CTATTTTGGGTA,0.147211733,0.992381827,0,0.307478676,0.914583318,0,C1
CTATTTTTGGCA,0.420575935,0.69993059,0.399915782,0.225102564,0.673933251,0.40507816,C3
CTTACCATAAAT,0.840446791,0.443789385,0.683708747,0.329536316,0.491555996,0.629924633,C3
CTTACTATAAAT,0.844323217,0.415645635,0.673588262,0.258202517,0.429203005,0.722528588,C3
CTTTCCATAAAT,0.711208587,0.485608036,0.609145158,0.346688891,0.491972036,0.581416884,C3
GACATTTAAGGA,0.135779834,0.690303245,0.222082497,0.06206628,0.575480882,0.23506598,C3
GCCAAATAAGGA,0.153717359,0.663417341,0.228152167,0.279280105,0.611957875,0.273325308,C3
GCCATTTAAGGA,0.208323032,0.716309928,0.289357347,0.261799917,0.659737105,0.267409502,C3
GCCATTTAAGGT,0.17127541,0.65140465,0.208304624,0.221765361,0.591878834,0,C1
GCCATTTATGGC,0.26236621,0.654694525,0.421983766,0.296563102,0.670963527,0.461448582,C3
GCCATTTATGGT,0.348721846,0.656815772,0.531238844,0.274856899,0.64307208,0.478597892,C3
GCCATTTCGGGA,0,0.690634146,0,0.345591356,0.707409752,0,C1
GCCATTTCGGGT,0,0.626072462,0,0.315831139,0.674225692,0,C1
GCCATTTTGGGA,0.137697638,0.663705463,0,0.353140074,0.62748695,0,C1
GCCATTTTGGGT,0,0.691824626,0,0.302848672,0.625408781,0,C1
GCCTATTTAAGG,0.179772569,0.691747108,0.386294628,0,0.667674164,0.349206845,C3
GCCTATTTATGG,0.34701644,0.69826211,0.613138765,0,0.684905445,0.481880271,C3
GCCTATTTCGGG,0,0.731211194,0,0.116347132,0.747381261,0,C1
GCCTATTTTAGG,0.143650421,0.658673621,0.179342243,0,0.628462652,0,C1
GCCTATTTTGGG,0,0.698992206,0,0,0.660225817,0,C1
GCTATTTAAGGA,0.239431305,0.764227358,0.316517576,0.195039528,0.700172318,0.400975703,C3
GCTATTTAAGGT,0.155717565,0.655231907,0.19183694,0.158335219,0.631521907,0,C1
GCTATTTATAGT,0.485674862,0.664294354,0.531505028,0.168636135,0.599321855,0.599741575,C3
GCTATTTATGGA,0.317840854,0.666899446,0.435888944,0.185545163,0.640721047,0.515391321,C3
GCTATTTATGGC,0.294428546,0.697881097,0.443710113,0.229853104,0.707439699,0.495195633,C3
GCTATTTATGGT,0.394804603,0.725773407,0.523368209,0.212814258,0.698072967,0.601050294,C3
GCTATTTCGGGA,0,0.793687901,0,0.27367665,0.794032556,0,C1
GCTATTTCGGGT,0,0.719679818,0,0.218730796,0.750048995,0,C1
GCTATTTTAGGA,0.149381096,0.677385142,0.236890384,0.217833802,0.641470149,0,C1
GCTATTTTAGGT,0.115608636,0.651558555,0.204053291,0.183775257,0.614635671,0,C1
GCTATTTTGGGA,0.119935556,0.742581446,0,0.283428503,0.696893634,0,C1
GCTATTTTGGGT,0.12053296,0.737194834,0,0.250063809,0.708591572,0,C1
GGACATTTAAGG,0.131660418,0.662911661,0.22338907,0.067357099,0.564553203,0,C1
GGCTATTTAAGG,0.16370326,0.707131228,0.271483351,0.086471712,0.662699027,0.390668545,C3
GGCTATTTATAG,0.361921533,0.653509522,0.504136804,0,0.575482276,0.559964344,C3
GGCTATTTATGG,0.319696012,0.736418988,0.524031794,0.12111124,0.701456083,0.605678487,C3
GGCTATTTCGGG,0,0.74731692,0,0.13329089,0.728798279,0,C1
GGCTATTTTAGG,0.103149732,0.668618593,0.234465821,0,0.626426992,0.332114306,C3
GGCTATTTTGGG,0,0.744543401,0,0,0.657666498,0,C1
GTACATTTAAGG,0.175460177,0.681755713,0.307877289,0.091590064,0.586617135,0,C1
GTCTATTTAAGG,0.213665377,0.719848965,0.36251869,0.100543366,0.665891463,0.329745114,C3
GTCTATTTATAG,0.439312606,0.642587902,0.584310818,0,0.567859245,0.668799882,C3
GTCTATTTATGG,0.387031866,0.73651792,0.662536742,0.142509827,0.69351898,0.551640185,C3
GTCTATTTCGGG,0,0.725188151,0,0.172462719,0.744021973,0,C1
GTCTATTTTAGG,0.180148423,0.698019768,0.231527307,0.118789582,0.635386103,0,C1
GTCTATTTTGGG,0,0.757096247,0,0.136591423,0.671164529,0,C1
GTTACCATAAAT,0.684468493,0.391518108,0.558467129,0.292652334,0.433492616,0.546534189,C3
GTTACTATAAAT,0.760504456,0.38172662,0.558611098,0.237332543,0.381133809,0.54649194,C3
GTTTCCATAAAT,0.687327711,0.378070894,0.487837765,0.274519074,0.414795755,0.502695374,C3
TACCATAAATAG,0.702524396,0.561959961,1,0.290806567,0.583487268,0.830608262,C3
TACCATAAATGG,0.638877272,0.618426705,0.955664867,0.385482128,0.643983502,0.901791887,C3
TACCATTTAAGG,0.234661408,0.721559139,0.418995962,0.276471932,0.661100712,0.357459453,C3
TACCATTTATAG,0.463647054,0.61567245,0.732611771,0.224625391,0.56478696,0.753806948,C3
TACCATTTATGG,0.412735313,0.698414111,0.751029687,0.318887745,0.683876963,0.779917202,C3
TACCATTTCGGG,0.141501207,0.686621768,0.169334876,0.387396258,0.708224335,0,C1
TACCATTTTGGG,0.116268523,0.673973868,0.174493658,0.376908677,0.622961838,0,C1
TACCTATTTATA,0.905187083,0.491647524,0.619273714,0,0.457502984,0.342202649,C3
TACCTATTTATG,0.67223678,0.54420853,0.670943686,0,0.544891921,0.459443621,C3
TACTATAAATAG,0.758974698,0.555985443,0.92516337,0.24437241,0.533354196,1,C3
TACTATAAATGG,0.654642165,0.579297966,0.960632846,0.312660712,0.57868726,0.88833943,C3
TACTATTTAAGG,0.248664513,0.670940317,0.331329031,0.211610748,0.607723427,0,C1
TACTATTTATGG,0.422873674,0.68652243,0.642537742,0.25257807,0.636820767,0.67574799,C3
TACTATTTCGGG,0.134161505,0.679924588,0,0.298321367,0.68518543,0,C1
TACTATTTTGGG,0.121873844,0.66856607,0,0.286621412,0.618497426,0,C1
TATACCTATTTA,0.718045135,0.551950299,0.494169303,0.080681038,0.528079984,0,C3
TATTTATAGTAA,0.759249702,0.547107153,0.582864344,0.206977662,0.464421461,0.521552413,C3
TATTTATGGCAA,0.536392982,0.735317857,0.506910295,0.284467368,0.667462878,0.407605979,C3
TCCAAATAAGGA,0.167840385,0.664557207,0.200622323,0.25188066,0.584757464,0.291298855,C3
TCCATTTAAGGA,0.243827887,0.74588259,0.360493806,0.243909602,0.67439789,0.460791873,C3
TCCATTTAAGGT,0.257867255,0.669128511,0.217087981,0.194587857,0.587425904,0,C1
TCCATTTATGGA,0.375210524,0.66478148,0.444414244,0.231240452,0.606161754,0.574059465,C3
TCCATTTATGGT,0.28749134,0.673324841,0.510695229,0.262353039,0.626393223,0.428492376,C3
TCCATTTCGGGA,0.110819473,0.743169367,0,0.336510706,0.711113885,0,C1
TCCATTTCGGGT,0,0.670658826,0,0.313276167,0.675642921,0,C1
TCCATTTTAGGA,0.166462829,0.654058981,0.205926668,0.253142684,0.590795937,0.290730209,C3
TCCATTTTGGGA,0,0.708145318,0,0.32828392,0.639869817,0,C1
TCCATTTTGGGT,0,0.685544649,0,0.266845942,0.633808156,0,C1
TCTATTTAAGGA,0.279583664,0.734272586,0.380010544,0.182062693,0.682374537,0.269628899,C3
TCTATTTAAGGT,0.237769712,0.679354414,0.282561933,0.16206105,0.627993794,0,C1
TCTATTTATAGT,0.537614877,0.675484919,0.570150834,0.155065194,0.585716606,0.524031809,C3
TCTATTTATGGA,0.349286012,0.681693931,0.520432101,0.18008525,0.630281666,0.559572648,C3
TCTATTTATGGC,0.327603241,0.710887656,0.544200588,0.229315832,0.699813301,0.35438511,C3
TCTATTTATGGT,0.487088114,0.728415821,0.592550463,0.199211455,0.686195009,0.649554779,C3
TCTATTTCGGGA,0,0.786435582,0,0.266552111,0.792371065,0,C1
TCTATTTCGGGT,0,0.724440905,0,0.23893814,0.748835404,0,C1
TCTATTTTAGGA,0.173538874,0.694847069,0.213258579,0.200987686,0.617453472,0,C1
TCTATTTTAGGC,0.146391568,0.652025308,0.230755677,0.1843723,0.617669727,0,C1
TCTATTTTGGGA,0.127058133,0.751546035,0,0.261013925,0.702180205,0,C1
TCTATTTTGGGT,0,0.766805922,0,0.217536656,0.673851187,0,C1
TCTTTCCTCTTT,0,0.280902281,0,0.657235339,0.344039053,0,C2
TGCCATAAATGG,0.484372214,0.61803746,0.599037887,0.399118424,0.629167959,0.669274601,C3
TGCCATTTAAGG,0.238068486,0.706321369,0.316260868,0.366689418,0.686921995,0.265296511,C3
TGCCATTTATGG,0.396725069,0.697601815,0.631627687,0.399594132,0.70769605,0.617192374,C3
TGCCATTTCGGG,0,0.664365706,0.194251909,0.479030024,0.722459836,0,C1
TGCCATTTTGGG,0.165354659,0.682306523,0,0.494980943,0.673071389,0,C1
TGCTATTTAAGG,0.21913366,0.676844993,0.335519384,0.261606993,0.673509812,0.297912173,C3
TGCTATTTATGG,0.39099248,0.684517952,0.575079297,0.302859694,0.679940613,0.590650523,C3
TGCTATTTCGGG,0.11826891,0.69195769,0,0.365109663,0.751088296,0.364855657,C3
TGCTATTTTGGG,0.136983177,0.681726539,0,0.377897056,0.694914793,0,C1
TTACCATAAATA,0.965303251,0.48094129,0.778083073,0.409231235,0.51119654,0.595976274,C3
TTACCATAAATG,0.690894703,0.521878145,0.721292794,0.461111917,0.573516703,0.758818584,C3
TTACCATATCGG,0.096589448,0.391260516,0,0.674732069,0.423472245,0,C2
TTACCATATTGG,0.131749686,0.381451417,0,0.713745797,0.44017549,0,C2
TTACCATTTCGG,0.175382869,0.474054277,0,0.657663429,0.520081324,0,C2
TTACCCAATTAG,0.071053715,0.29222835,0,0.715259263,0.380703827,0,C2
TTACCCGATTTG,0.111447494,0.367885458,0,0.660025049,0.479844697,0,C2
TTACTATAAATA,1,0.4687357,0.69462326,0.328133338,0.451717167,0.707615186,C3
TTACTATAAATG,0.765794545,0.46528665,0.772961546,0.37739765,0.485435152,0.810668852,C3
TTCCATAAATAG,0.560398235,0.528635585,0.705598839,0.255275376,0.540036948,0.694975909,C3
TTCCATAAATGG,0.520108652,0.558127679,0.708877821,0.351992933,0.568700782,0.672367416,C3
TTCCATTTAAGG,0.313050738,0.698439911,0.40345091,0.32880874,0.658716186,0.466969092,C3
TTCCATTTATAG,0.44280732,0.582820802,0.618591225,0.268952582,0.553692665,0.700317711,C3
TTCCATTTATGG,0.424995468,0.673373023,0.631925782,0.376950913,0.664971463,0.615038976,C3
TTCCATTTCGGG,0.13009321,0.667795933,0,0.465243253,0.695913183,0,C1
TTCCATTTTGGG,0.123856409,0.664488991,0,0.44780491,0.633573376,0,C1
TTCCCGAAATAG,0.148241853,0.642440505,0.163779626,0.373055403,0.654771778,0,C1
TTCTATTTATGG,0.37099851,0.647124266,0.648843057,0.283614332,0.639266947,0.695873868,C3
TTCTATTTCGGG,0,0.639669868,0,0.347600873,0.694917064,0,C1
TTCTATTTTGGG,0,0.668032498,0,0.343103037,0.63973636,0,C1
TTGCCAAATCGG,0.126304987,0.441612964,0,0.733811111,0.485117763,0,C2
TTGCCAAATTGG,0.099207212,0.36983694,0,0.698193295,0.441102797,0,C2
TTGCCATAAATA,0.709801253,0.513795003,0.513183905,0.438294862,0.528321158,0.417653738,C3
TTGCCATATTGG,0,0.405123383,0,0.763417682,0.448807779,0,C2
TTGCCATTTCGG,0.127494861,0.483035923,0,0.84867608,0.554953348,0,C2
TTGCCATTTTGG,0.216803451,0.475713551,0,0.856291863,0.531564385,0,C2
TTGCCGTTTTGG,0,0.308165666,0,0.806439383,0.389774737,0,C2
TTGCCTTTTTGG,0,0.336745161,0,0.676764808,0.360790819,0,C2
TTTCCACTTTGG,0,0.351558992,0,0.655792439,0.357280471,0,C2
TTTCCATAAATA,0.778303343,0.454978199,0.586146234,0.346563255,0.471599686,0.5821741,C3
TTTCCATATTGG,0,0.353006261,0,0.676513592,0.410629186,0,C2
TTTCCATTTATA,0.6604967,0.401449229,0.502212896,0.394630431,0.415563418,0.502746827,C3
TTTCCATTTCGG,0.234007667,0.495032082,0,0.760175366,0.529621392,0,C2
TTTCCATTTTGG,0.217192702,0.458880175,0,0.74440458,0.476485148,0,C2
TTTCCCTTTTGG,0,0.246562166,0,0.715104852,0.305060379,0,C2
TTTCCTAATTAG,0.116540875,0.331177877,0,0.672295111,0.42064642,0,C2
TTTCCTCTTTAG,0,0.291288143,0,0.796187122,0.412587566,0,C2
TTTCCTCTTTTG,0.149743102,0.396808993,0,0.657917098,0.410282187,0,C2
TTTCCTTATTAG,0.148745469,0.315347988,0.142584129,0.663989365,0.450805366,0,C2
TTTCCTTATTGG,0,0.313363277,0,0.864990245,0.436507437,0,C2
TTTCCTTTTCGG,0.13994275,0.421748139,0,0.784470246,0.476753409,0,C2
TTTCCTTTTTGG,0.135743099,0.378635033,0,0.852254218,0.454527589,0,C2
TTTCTACTTTGG,0,0.333701228,0,0.667954503,0.373458478,0,C2
ACAAATCGGGTA,0,0.680264918,0,0.141986964,0.629487287,0,C1
ACATTTCGGGTA,0,0.73554955,0,0.117031486,0.706772448,0,C1
ATTACCCGATTG,0,0.1857517,0,0.670185081,0.253428866,0,C2
ATTTCCTCTTTG,0,0.177505553,0,0.673607333,0.237308895,0,C2
CCAATTCGGGAA,0,0.74503067,0,0.299137942,0.701936565,0,C1
CCAATTCGGGTA,0,0.692961542,0,0.290025912,0.698342928,0,C1
CCATATCGGGAA,0,0.727448284,0.141178683,0.371615129,0.672612896,0,C1
CCATATCGGGTA,0,0.722394755,0,0.363282233,0.664362025,0,C1
CCATATTGGGTA,0,0.66674691,0,0.375189129,0.68450227,0,C1
CCTAATCGGGAA,0,0.638588932,0,0.491995212,0.650981611,0,C1
CCTATTTCGGGC,0,0.667454947,0,0.095544096,0.688786021,0,C1
CTAAATCGGGAA,0,0.769992588,0,0.279996229,0.728459913,0,C1
CTAAATCGGGTA,0,0.782071602,0,0.278969654,0.714018004,0,C1
CTAATTCGGGAA,0,0.676327164,0,0.190477664,0.651023983,0,C1
CTACTTCGGGAA,0,0.730052399,0,0.317536339,0.682491908,0,C1
CTACTTCGGGTA,0,0.736958948,0,0.27810227,0.708684023,0,C1
CTACTTTGGGAA,0,0.716691525,0,0.313994932,0.689065121,0,C1
CTATATCGGGTA,0,0.718774209,0,0.29312262,0.707517883,0,C1
CTATTTGGGGAA,0,0.656027438,0,0.135796666,0.567579943,0,C1
CTTTCCTCTTTG,0,0.248387405,0,0.753002195,0.319925917,0,C2
GACATTTCGGGA,0,0.664563853,0,0.083318776,0.615780352,0,C1
GCCAAATCGGGA,0,0.660849066,0,0.360997759,0.656422174,0,C1
GGACATTTCGGG,0,0.657553874,0,0,0.586033024,0,C1
GTTTCCTCTTTG,0,0.219584105,0,0.661985219,0.257011887,0,C2
TGCCAAATCGGG,0,0.635349862,0,0.485235749,0.657936863,0,C1
TTACCCAATCGG,0,0.249523457,0,0.846255788,0.375568678,0,C2
TTACCCAATTGG,0,0.27423591,0,0.8474027,0.372864763,0,C2
TTACCCGATCGG,0,0.17578326,0,0.715413903,0.293490963,0,C2
TTACCCGATTAG,0,0.298501954,0,0.781977111,0.406662976,0,C2
TTACCCGATTGG,0,0.27326655,0,0.907615319,0.353041768,0,C2
TTACCCGTTTGG,0,0.172172334,0,0.67846369,0.260257906,0,C2
TTACCGCATTGG,0,0.148046704,0,0.662660116,0.219179262,0,C2
TTACCGCTTTGG,0,0.1842953,0,0.70795218,0.245434628,0,C2
TTACCGGATTGG,0,0.199325346,0,0.688818158,0.28939637,0,C2
TTACCTAATCGG,0,0.320410833,0,0.72777646,0.373840648,0,C2
TTACCTAATTGG,0,0.311768145,0,0.749558572,0.39081875,0,C2
TTACCTCATTGG,0,0.178546952,0,0.664798539,0.228001441,0,C2
TTACCTCTTTGG,0,0.231509721,0,0.81252881,0.275775722,0,C2
TTACCTGATTGG,0,0.208167454,0,0.706591967,0.289104849,0,C2
TTACCTTATTGG,0,0.284110593,0,0.695556693,0.333174147,0,C2
TTACTACTTTGG,0,0.350358286,0,0.699912836,0.43069541,0,C2
TTGCCACTTTGG,0,0.329694331,0,0.653019169,0.354453456,0,C2
TTGCCATATCGG,0,0.373233867,0,0.678966556,0.424393612,0,C2
TTGCCCAATCGG,0,0.194465807,0,0.666210939,0.28148089,0,C2
TTGCCCAATTGG,0,0.193950992,0,0.661485746,0.264026366,0,C2
TTGCCCGATTGG,0,0.186635425,0,0.729790616,0.257841541,0,C2
TTGCCGAATCGG,0,0.26064237,0,0.67884332,0.304421027,0,C2
TTGCCGTTTCGG,0,0.312292707,0,0.763966296,0.352888684,0,C2
TTGCCTAATCGG,0,0.335006095,0,0.782378144,0.398646775,0,C2
TTGCCTAATTGG,0,0.322070184,0,0.804785682,0.399662591,0,C2
TTGCCTCTTTGG,0,0.186501899,0,0.724111061,0.281008889,0,C2
TTGCCTGATTGG,0,0.198462311,0,0.723675241,0.295760006,0,C2
TTGCCTTATTGG,0,0.260798001,0,0.713638892,0.352127442,0,C2
TTTCCCAATCGG,0,0.222718916,0,0.821077358,0.357691798,0,C2
TTTCCCAATTAG,0,0.28077585,0,0.688306101,0.377092685,0,C2
TTTCCCAATTGG,0,0.235702419,0,0.820737198,0.367789562,0,C2
TTTCCCCTTTGG,0,0,0,0.704531103,0.23180627,0,C2
TTTCCCGATCGG,0,0.213416687,0,0.713310373,0.278164548,0,C2
TTTCCCGATTAG,0,0.304066549,0,0.781760317,0.406231987,0,C2
TTTCCCGATTGG,0,0.219400546,0,0.882645247,0.363802396,0,C2
TTTCCCGTTTGG,0,0,0,0.689912031,0.263198095,0,C2
TTTCCTAATCGG,0,0.322380854,0,0.831850831,0.40725323,0,C2
TTTCCTAATTGG,0,0.333231094,0,0.854336704,0.414439661,0,C2
TTTCCTATTTGG,0,0.292108545,0,0.667951574,0.347488121,0,C2
TTTCCTCATTGG,0,0.223092462,0,0.83172468,0.323176467,0,C2
TTTCCTCTTCGG,0,0,0,0.779312645,0.298772936,0,C2
TTTCCTCTTTCG,0,0.208166679,0,0.652737628,0.258573425,0,C2
TTTCCTCTTTGG,0,0.321998004,0,1,0.414725497,0,C2
TTTCCTGATTGG,0,0.224085898,0,0.764083044,0.322495288,0,C2
TTTCCTTATCGG,0,0.292861581,0,0.702151666,0.38172458,0,C2
